{
    "variants": {
        "facing=north": {
            "model": "capital:capital_y",
            "y": 180
        },
        "facing=south": {
            "model": "capital:capital_y",
            "y": 0
        },
        "facing=west": {
            "model": "capital:capital_y",
            "y": 90
        },
        "facing=east": {
            "model": "capital:capital_y",
            "y": 270
        },
        "facing=up": {
            "model": "capital:capital_y",
            "x": 0
        },
        "facing=down": {
            "model": "capital:capital_y",
            "x": 0
        }
    }
}