{
    "__comment": "Model generated using MrCrayfish's Model Creator (https://mrcrayfish.com/tools?id=mc)",
    "textures": {
        "particle": "minecraft:blocks/wool_colored_white",
        "wool_colored_white": "minecraft:blocks/wool_colored_white"
    },
    "display": {
        "gui": {
            "rotation": [ 30, 45, 0 ],
            "translation": [ 0, 0, 0 ],
            "scale": [ 0.625, 0.625, 0.625 ]
        },
        "ground": {
            "rotation": [ 0, 0, 0 ],
            "translation": [ 0, 3, 0 ],
            "scale": [ 0.25, 0.25, 0.25 ]
        },
        "fixed": {
            "rotation": [ 0, 180, 0 ],
            "translation": [ 0, 0, 0 ],
            "scale": [ 1, 1, 1 ]
        },
        "head": {
            "rotation": [ 0, 180, 0 ],
            "translation": [ 0, 0, 0 ],
            "scale": [ 1, 1, 1 ]
        },
        "firstperson_righthand": {
            "rotation": [ 0, 315, 0 ],
            "translation": [ 0, 2.5, 0 ],
            "scale": [ 0.4, 0.4, 0.4 ]
        },
        "thirdperson_righthand": {
            "rotation": [ 75, 315, 0 ],
            "translation": [ 0, 2.5, 0 ],
            "scale": [ 0.375, 0.375, 0.375 ]
        }
    },
    "elements": [
        {
            "name": "Cube",
            "from": [ 1, 0, 6.5 ], 
            "to": [ 4, 16, 9.5 ], 
            "faces": {
                "north": { "texture": "#wool_colored_white", "uv": [ 0, 0, 3, 16 ] },
                "east": { "texture": "#wool_colored_white", "uv": [ 0, 0, 3, 16 ] },
                "south": { "texture": "#wool_colored_white", "uv": [ 0, 0, 3, 16 ] },
                "west": { "texture": "#wool_colored_white", "uv": [ 0, 0, 3, 16 ] },
                "up": { "texture": "#wool_colored_white", "uv": [ 0, 0, 3, 3 ] },
                "down": { "texture": "#wool_colored_white", "uv": [ 0, 0, 3, 3 ] }
            }
        },
        {
            "name": "Cube",
            "from": [ 4, 13, 6.5 ], 
            "to": [ 15, 16, 9.5 ], 
            "faces": {
                "north": { "texture": "#wool_colored_white", "uv": [ 0, 0, 11, 3 ] },
                "east": { "texture": "#wool_colored_white", "uv": [ 0, 0, 3, 3 ] },
                "south": { "texture": "#wool_colored_white", "uv": [ 0, 0, 11, 3 ] },
                "up": { "texture": "#wool_colored_white", "uv": [ 0, 0, 11, 3 ] },
                "down": { "texture": "#wool_colored_white", "uv": [ 0, 0, 11, 3 ] }
            }
        },
        {
            "name": "Cube",
            "from": [ 4, 0, 6.5 ], 
            "to": [ 15, 3, 9.5 ], 
            "faces": {
                "north": { "texture": "#wool_colored_white", "uv": [ 0, 0, 11, 3 ] },
                "east": { "texture": "#wool_colored_white", "uv": [ 0, 0, 3, 3 ] },
                "south": { "texture": "#wool_colored_white", "uv": [ 0, 0, 11, 3 ] },
                "up": { "texture": "#wool_colored_white", "uv": [ 0, 0, 11, 3 ] },
                "down": { "texture": "#wool_colored_white", "uv": [ 0, 0, 11, 3 ] }
            }
        },
        {
            "name": "Cube",
            "from": [ 4, 8, 6.5 ], 
            "to": [ 9, 11, 9.5 ], 
            "faces": {
                "north": { "texture": "#wool_colored_white", "uv": [ 0, 0, 5, 3 ] },
                "east": { "texture": "#wool_colored_white", "uv": [ 0, 0, 3, 3 ] },
                "south": { "texture": "#wool_colored_white", "uv": [ 0, 0, 5, 3 ] },
                "up": { "texture": "#wool_colored_white", "uv": [ 0, 0, 5, 3 ] },
                "down": { "texture": "#wool_colored_white", "uv": [ 0, 0, 5, 3 ] }
            }
        }
    ]
}